# jobleft occupation families: job-title phrases grouped into kinds of work, with how close two kinds are.
# Source: written new for jobleft by the match lane (2026-09-25). First-party data; no third-party list was copied.
# Licence: same as the jobleft project. Titles are common English job names.
#
# Format: family | label | implied industry (or -) | title phrases (comma list) | related families (family:weight)
#   * A title belongs to the family whose phrase covers the most words of the title; ties go to the phrase that
#     ends last (the head noun: "Nurse Recruiter" is a recruiter).
#   * A phrase that ends in $ must be the last words of the title or of one of its parts ("Server" is a job;
#     "Server Engineer" is not a server). Parts are split at " - ", ",", "|" and "(".
#   * "implied industry" is used only when a posting or a role says nothing else about its industry, and only for
#     kinds of work that almost always sit in one industry (a registered nurse works in healthcare).
#   * related weight: 1 = the same kind of work, 0.1 = unrelated. Missing pairs are unrelated. Pairs are symmetric.
software | Software engineering | - | software engineer, software developer, software development engineer, sde, swe, backend engineer, back end engineer, backend developer, back end developer, frontend engineer, front end engineer, frontend developer, front end developer, full stack engineer, fullstack engineer, full stack developer, fullstack developer, web developer, web engineer, application developer, applications developer, application engineer, mobile engineer, mobile developer, ios engineer, ios developer, android engineer, android developer, programmer, programmer analyst, devops engineer, site reliability engineer, sre, platform engineer, infrastructure engineer, cloud engineer, embedded software engineer, embedded engineer, firmware engineer, game developer, game programmer, qa engineer, qa automation engineer, software test engineer, test automation engineer, sdet, software architect, engineering manager, software engineering manager, tech lead, technical lead, director of engineering, head of engineering, vp of engineering, vice president of engineering, software engineering director, member of technical staff, react developer, java developer, python developer, net developer, dotnet developer, php developer, ruby developer, node developer, javascript developer, salesforce developer, wordpress developer, shopify developer, blockchain engineer, graphics engineer, systems software engineer, software engineering intern, software intern, computer programmer, developer advocate | data:0.5, it:0.4, security:0.5, sales_eng:0.35, product:0.3, design:0.2, business_analysis:0.3, engineering:0.2
data | Data and analytics | - | economist, data scientist, data analyst, data engineer, machine learning engineer, ml engineer, ai engineer, applied scientist, research scientist machine learning, analytics engineer, business intelligence analyst, business intelligence developer, business intelligence engineer, bi analyst, bi developer, bi engineer, quantitative analyst, quant analyst, statistician, analytics manager, reporting analyst, data architect, database administrator, dba, database developer, data specialist, data science intern, data analyst intern, marketing analyst, product analyst, operations analyst, healthcare data analyst, sql developer, etl developer, big data engineer, mlops engineer, decision scientist | software:0.5, business_analysis:0.6, finance:0.3, science:0.3, marketing:0.2
business_analysis | Business analysis | - | business analyst, business systems analyst, systems analyst, it business analyst, functional analyst, requirements analyst, erp analyst, crm analyst, process analyst | data:0.6, product:0.5, software:0.3, operations:0.4, project:0.4, it:0.3
it | IT and technical support | - | it support, it support specialist, it specialist, it technician, help desk, help desk technician, help desk analyst, helpdesk technician, desktop support, desktop support technician, service desk, service desk analyst, system administrator, systems administrator, sysadmin, linux administrator, windows administrator, network administrator, network engineer, network technician, it manager, it director, technical support specialist, technical support engineer, technical support representative, support engineer, it analyst, it administrator, it coordinator, noc technician, noc engineer, field technician it, computer technician, cloud administrator, m365 administrator, salesforce administrator | software:0.4, security:0.5, support:0.4, business_analysis:0.3
security | Cybersecurity | - | security analyst, cybersecurity analyst, cyber security analyst, information security analyst, information security engineer, security engineer, cybersecurity engineer, soc analyst, penetration tester, pentester, security architect, grc analyst, security consultant, threat analyst, incident responder, application security engineer, cloud security engineer, ciso | it:0.5, software:0.5
product | Product management | - | product manager, product owner, technical product manager, product lead, group product manager, senior product manager, associate product manager, director of product, vp of product, head of product, product management intern | project:0.5, design:0.3, business_analysis:0.5, software:0.3, marketing:0.3, data:0.2
project | Project and program management | - | project manager, program manager, project coordinator, program coordinator, scrum master, agile coach, pmo analyst, pmo manager, project lead, delivery manager, technical program manager, it project manager, project administrator, project specialist, implementation manager, implementation specialist, implementation consultant | product:0.5, operations:0.5, construction_mgmt:0.4, business_analysis:0.4
design | Design | - | product designer, ux designer, ui designer, ui ux designer, ux ui designer, graphic designer, visual designer, interaction designer, ux researcher, user researcher, web designer, art director, illustrator, motion designer, motion graphics designer, creative director, brand designer, design lead, content designer, ux writer, industrial designer, interior designer, fashion designer, multimedia designer, video editor, photographer, animator, 3d artist | marketing:0.4, product:0.3, software:0.2
sales_eng | Sales engineering | - | sales engineer, solutions engineer, solution engineer, pre sales engineer, presales engineer, pre sales consultant, presales consultant, solutions consultant, solution consultant, technical account manager, customer engineer, solutions architect, solution architect, technical sales engineer, sales engineering manager | sales:0.7, software:0.35, support:0.4, it:0.3, product:0.2
sales | Sales | - | account executive, sales representative, sales rep, inside sales representative, inside sales, outside sales representative, outside sales, business development representative, bdr, sales development representative, sdr, sales manager, account manager, key account manager, territory manager, territory sales manager, sales consultant, sales specialist, regional sales manager, sales director, director of sales, vp of sales, business development manager, business development executive, business development associate, sales executive, enterprise account executive, sales trainee, sales associate b2b, insurance agent, insurance sales agent, insurance producer, financial sales representative, pharmaceutical sales representative, medical sales representative, car salesperson, automotive sales consultant, salesperson, sales agent, telemarketer, sales coordinator, channel manager, partner manager, account director | sales_eng:0.7, marketing:0.5, support:0.4, retail:0.35, real_estate:0.4, finance:0.2
marketing | Marketing and communications | - | marketing manager, marketing coordinator, marketing specialist, marketing associate, marketing assistant, marketing director, director of marketing, digital marketing manager, digital marketing specialist, content marketing manager, content marketer, content writer, content strategist, content creator, copywriter, seo specialist, seo manager, sem specialist, ppc specialist, paid media manager, social media manager, social media coordinator, social media specialist, community manager social, brand manager, brand strategist, growth marketer, growth marketing manager, marketing analyst digital, communications specialist, communications manager, communications coordinator, public relations specialist, public relations manager, pr specialist, pr manager, email marketing specialist, email marketing manager, product marketing manager, demand generation manager, marketing operations manager, event coordinator, event manager, event planner, marketing intern, technical writer, editor$, journalist, reporter$ | sales:0.5, design:0.4, product:0.3, data:0.2
support | Customer service and support | - | service advisor, automotive service advisor, customer service representative, customer service associate, customer service specialist, customer service agent, customer service advocate, customer support representative, customer support specialist, customer support agent, customer success manager, customer success specialist, customer success associate, client services representative, client service associate, client success manager, call center representative, call center agent, contact center agent, customer care representative, customer care specialist, support specialist, member services representative, customer experience specialist, customer experience associate, chat support agent, technical support agent, support agent, customer service manager, customer service supervisor, csr | retail:0.5, sales:0.4, admin:0.5, it:0.3, health_admin:0.4, hospitality:0.4
admin | Administrative and office | - | administrative assistant, admin assistant, administrative associate, administrative specialist, administrative coordinator, executive assistant, personal assistant, office manager, office administrator, office assistant, office coordinator, receptionist, front office assistant, secretary, clerk$, office clerk, data entry clerk, data entry specialist, data entry operator, file clerk, records clerk, mail clerk, program assistant, operations assistant, virtual assistant, scheduler$, scheduling coordinator, administrative manager | support:0.5, hr:0.3, accounting:0.3, health_admin:0.5, legal:0.3, operations:0.3
hr | Human resources and recruiting | - | recruiter, technical recruiter, corporate recruiter, nurse recruiter, healthcare recruiter, talent acquisition specialist, talent acquisition partner, talent acquisition manager, sourcer, recruiting coordinator, hr generalist, human resources generalist, hr manager, human resources manager, hr director, hr business partner, human resources business partner, hrbp, hr coordinator, human resources coordinator, hr specialist, human resources specialist, hr assistant, human resources assistant, people operations specialist, people operations manager, people partner, benefits specialist, benefits administrator, compensation analyst, hris analyst, employee relations specialist, chief people officer | admin:0.4, payroll:0.5, training:0.5
payroll | Payroll | - | payroll specialist, payroll administrator, payroll coordinator, payroll manager, payroll clerk, payroll accountant, payroll analyst | accounting:0.6, hr:0.5, admin:0.3
accounting | Accounting and audit | - | accountant, staff accountant, senior accountant, junior accountant, cost accountant, tax accountant, general ledger accountant, gl accountant, property accountant, fund accountant, revenue accountant, project accountant, accounting manager, accounting supervisor, controller$, assistant controller, financial controller, corporate controller, bookkeeper, full charge bookkeeper, accounts payable specialist, accounts payable clerk, accounts payable coordinator, accounts receivable specialist, accounts receivable clerk, ap specialist, ar specialist, ap clerk, ar clerk, billing specialist, billing coordinator, collections specialist, auditor, internal auditor, external auditor, it auditor, audit associate, audit senior, audit manager, tax associate, tax senior, tax manager, tax preparer, tax specialist, accounting clerk, accounting assistant, accounting specialist, accounting associate, accounting analyst, cpa, chief financial officer, cfo, reconciliation specialist, credit and collections specialist | finance:0.6, payroll:0.6, admin:0.3, business_analysis:0.2
finance | Finance, banking and insurance | - | financial analyst, fp and a analyst, fpa analyst, finance analyst, finance manager, finance director, director of finance, investment analyst, investment banking analyst, investment banking associate, private equity associate, equity research analyst, credit analyst, credit risk analyst, loan officer, mortgage loan officer, loan processor, mortgage processor, loan underwriter, mortgage underwriter, underwriter, insurance underwriter, treasury analyst, portfolio manager, financial advisor, financial planner, wealth advisor, wealth manager, bank teller, teller, personal banker, universal banker, branch manager bank, relationship manager, commercial banker, actuary, actuarial analyst, risk analyst, compliance analyst, aml analyst, kyc analyst, claims adjuster, claims examiner, claims specialist, trader$, pricing analyst, budget analyst, finance associate, banking associate | accounting:0.6, data:0.3, sales:0.2, business_analysis:0.3
nursing | Nursing | healthcare | registered nurse, rn, staff nurse, staff rn, charge nurse, nurse manager, nurse supervisor, nursing supervisor, clinical nurse, travel nurse, travel rn, icu nurse, icu rn, er nurse, emergency room nurse, emergency department nurse, ed rn, er rn, med surg nurse, med surg rn, medical surgical nurse, telemetry nurse, telemetry rn, or nurse, operating room nurse, perioperative nurse, labor and delivery nurse, l and d nurse, nicu nurse, picu nurse, pediatric nurse, oncology nurse, dialysis nurse, hospice nurse, home health nurse, home health rn, psychiatric nurse, school nurse, nurse, nurses, licensed practical nurse, lpn, licensed vocational nurse, lvn, nurse practitioner, np, family nurse practitioner, fnp, aprn, clinical nurse specialist, nurse educator, clinical nurse educator, nurse case manager, rn case manager, case manager rn, director of nursing, assistant director of nursing, nurse navigator, infusion nurse, float pool nurse, prn nurse, nurse residency, new graduate nurse, graduate nurse, crna, nurse anesthetist, nurse midwife, clinical supervisor nursing, wound care nurse, triage nurse, occupational health nurse, mds coordinator, infection preventionist | health_support:0.5, health_clinical:0.5, health_admin:0.2, counseling:0.2, teaching:0.1
health_support | Patient care support | healthcare | behavioral health technician, behavioral health tech, certified nursing assistant, nursing assistant, cna, state tested nursing assistant, stna, patient care technician, patient care tech, pct, patient care assistant, medical assistant, certified medical assistant, clinical assistant, home health aide, hha, caregiver, personal care aide, personal care assistant, direct support professional, dsp, direct care worker, direct care staff, orderly, phlebotomist, phlebotomy technician, emt, emergency medical technician, paramedic, sterile processing technician, pharmacy technician, pharmacy tech, dental assistant, registered behavior technician, rbt, behavior technician, mental health technician, psychiatric technician, patient sitter, resident assistant care, companion caregiver, ekg technician, monitor technician, unit clerk nursing, patient transporter, care assistant, medication aide, cma | nursing:0.5, health_clinical:0.4, health_admin:0.3, counseling:0.3, childcare:0.2
health_clinical | Clinical and allied health | healthcare | physician, doctor, hospitalist, physician assistant, pa c, pharmacist, clinical pharmacist, physical therapist, physical therapist assistant, occupational therapist, occupational therapy assistant, certified occupational therapy assistant, speech language pathologist, speech therapist, respiratory therapist, radiologic technologist, radiology technologist, x ray technician, ct technologist, mri technologist, ultrasound technician, ultrasound technologist, sonographer, diagnostic medical sonographer, medical laboratory scientist, medical technologist, clinical laboratory scientist, medical laboratory technician, histotechnologist, dental hygienist, dentist, dietitian, registered dietitian, athletic trainer, surgical technologist, surgical technician, anesthesiologist, psychiatrist, veterinarian, veterinary technician, vet tech, optometrist, optician, audiologist, chiropractor, massage therapist, cardiovascular technologist, nuclear medicine technologist, perfusionist, radiation therapist, clinical research nurse | nursing:0.5, health_support:0.4, science:0.3
health_admin | Healthcare administration | healthcare | medical biller, medical billing specialist, medical coder, certified coder, coding specialist, medical records clerk, medical records specialist, health information technician, health information management, patient access representative, patient access specialist, patient services representative, patient service representative, patient registration, patient coordinator, medical receptionist, medical front desk, unit secretary, health unit coordinator, practice manager, clinic manager, practice administrator, healthcare administrator, hospital administrator, revenue cycle specialist, revenue cycle manager, prior authorization specialist, insurance verification specialist, credentialing specialist, referral coordinator, medical scheduler, medical office assistant, dental office manager, dental receptionist | admin:0.5, health_support:0.3, accounting:0.2, support:0.4, nursing:0.2
counseling | Social work and counseling | - | social worker, licensed clinical social worker, lcsw, lmsw, medical social worker, school social worker, case manager, care manager, care coordinator, counselor, therapist, mental health counselor, licensed professional counselor, lpc, clinical therapist, psychotherapist, psychologist, clinical psychologist, school psychologist, substance abuse counselor, addiction counselor, family therapist, marriage and family therapist, lmft, school counselor, guidance counselor, behavioral health specialist, behavioral health counselor, case worker, caseworker, family support specialist, peer support specialist, bcba, board certified behavior analyst, behavior analyst, residential counselor, youth counselor, rehabilitation counselor, crisis counselor | teaching:0.3, health_support:0.3, nursing:0.2, childcare:0.3
teaching | Teaching and education | education | teacher, teachers, elementary teacher, elementary school teacher, middle school teacher, high school teacher, math teacher, mathematics teacher, science teacher, english teacher, ela teacher, history teacher, social studies teacher, spanish teacher, art teacher, music teacher, physical education teacher, pe teacher, special education teacher, sped teacher, special education instructor, preschool teacher, pre k teacher, kindergarten teacher, first grade teacher, second grade teacher, third grade teacher, fourth grade teacher, fifth grade teacher, substitute teacher, teaching assistant, teacher assistant, teacher aide, paraprofessional, paraeducator, instructional aide, classroom aide, instructor, tutor, professor, assistant professor, associate professor, lecturer, adjunct instructor, adjunct professor, adjunct faculty, faculty$, educator, esl teacher, ell teacher, esol teacher, bilingual teacher, reading specialist, reading interventionist, interventionist, literacy coach, instructional coach, math coach, curriculum specialist, curriculum coordinator, principal$, assistant principal, school principal, vice principal, dean of students, academic advisor, stem teacher, cte teacher, montessori teacher, lead teacher, co teacher, resource teacher, gifted and talented teacher, librarian, school librarian, media specialist | childcare:0.6, training:0.5, counseling:0.3
childcare | Childcare and early education | education | childcare worker, child care worker, childcare teacher, child care teacher, daycare teacher, day care teacher, childcare assistant, daycare assistant, nanny, babysitter, au pair, preschool assistant, early childhood educator, early childhood teacher, infant teacher, toddler teacher, assistant teacher, camp counselor, youth worker, youth program assistant, after school counselor, childcare director, center director, family child care provider | teaching:0.6, counseling:0.3, health_support:0.2
training | Training and instructional design | - | trainer, corporate trainer, training specialist, training coordinator, training manager, instructional designer, learning and development specialist, learning and development manager, learning experience designer, curriculum developer, facilitator, enablement specialist, sales trainer | teaching:0.5, hr:0.5
retail | Retail | retail | shift supervisor, parts specialist, parts counter associate, auto parts associate, retail sales associate, sales associate, retail associate, store associate, cashier, head cashier, stock associate, stocker, stock clerk, shelf stocker, merchandiser, retail merchandiser, visual merchandiser, store manager, retail store manager, assistant store manager, assistant manager retail, retail manager, retail supervisor, department manager, department supervisor, key holder, keyholder, store supervisor, team lead retail, loss prevention associate, loss prevention officer, asset protection associate, retail team member, store team member, sales floor associate, fitting room associate, beauty advisor, pharmacy cashier, customer service associate retail, front end supervisor, front end associate, grocery clerk, deli clerk, bakery clerk, produce clerk, district manager retail, co manager, store director, retail operations manager, cart attendant, overnight stocker, replenishment associate | food:0.4, support:0.5, sales:0.35, logistics:0.3, hospitality:0.4, operations:0.3
food | Food service and restaurants | hospitality | cook$, line cook, prep cook, short order cook, chef, sous chef, executive chef, chef de cuisine, pastry chef, kitchen manager, kitchen staff, dishwasher, server$, waiter, waitress, host$, hostess$, bartender, barback, barista, food service worker, food service associate, crew member, crew team member, restaurant manager, restaurant general manager, assistant restaurant manager, shift manager restaurant, food runner, busser, cafeteria worker, catering assistant, caterer, baker, butcher, food prep worker, fast food worker, drive thru associate, pizza cook, grill cook, kitchen lead, food and beverage manager, dietary aide, dietary cook | retail:0.4, hospitality:0.6
hospitality | Hospitality and travel | hospitality | front desk agent, front desk associate, front desk clerk hotel, guest service agent, guest services associate, hotel manager, hotel general manager, assistant hotel manager, housekeeper, room attendant, housekeeping supervisor, concierge, bellhop, bell attendant, valet attendant, banquet server, banquet captain, reservations agent, night auditor, resort manager, flight attendant, tour guide, travel agent, event staff, casino dealer, spa coordinator, lifeguard | food:0.6, retail:0.4, support:0.4
logistics | Warehouse, logistics and supply chain | logistics | shipping and receiving, shipping and receiving lead, shipping and receiving supervisor, receiving lead, warehouse associate, warehouse worker, warehouse team member, warehouse supervisor, warehouse manager, warehouse lead, warehouse clerk, warehouse specialist, material handler, materials handler, forklift operator, forklift driver, reach truck operator, order picker, order selector, picker$, packer$, picker packer, shipping clerk, receiving clerk, shipping and receiving clerk, shipping and receiving associate, shipping associate, receiving associate, inventory specialist, inventory control specialist, inventory associate, inventory clerk, inventory analyst, inventory manager, logistics coordinator, logistics specialist, logistics manager, logistics analyst, logistics associate, supply chain analyst, supply chain manager, supply chain coordinator, supply chain specialist, procurement specialist, procurement manager, buyer$, purchasing agent, purchasing manager, purchasing coordinator, dispatcher, fleet manager, fleet coordinator, distribution center associate, distribution manager, fulfillment associate, fulfillment center associate, fulfillment specialist, operations associate warehouse, demand planner, supply planner, materials planner, production planner, import export coordinator, freight coordinator, transportation coordinator, transportation manager, freight broker, logistics account executive, package handler, loader$, unloader, dock worker, yard jockey, yard driver | driving:0.5, manufacturing:0.4, retail:0.3, operations:0.4
driving | Driving and delivery | transportation | mail carrier, letter carrier, rural carrier, city carrier, driver trainer, cdl instructor, driving instructor, fleet operations manager, director of fleet operations, fleet safety manager, truck driver, cdl driver, cdl a driver, cdl class a driver, class a driver, class a cdl driver, class b driver, class b cdl driver, route driver, delivery driver, courier, bus driver, school bus driver, transit operator, bus operator, driver$, van driver, owner operator, local driver, regional driver, otr driver, over the road driver, tanker driver, flatbed driver, box truck driver, delivery associate, chauffeur, shuttle driver, tow truck driver, dump truck driver, route sales driver | logistics:0.5, security_services:0.1
trades_electrical | Electrical trades | construction | electrician, journeyman electrician, master electrician, apprentice electrician, electrician apprentice, electrical apprentice, electrician helper, electrical helper, electrical technician, industrial electrician, commercial electrician, residential electrician, maintenance electrician, lineman, lineworker, line worker, journeyman lineman, low voltage technician, fire alarm technician, security systems technician, solar installer, solar technician, controls technician, instrumentation technician, instrument technician, electrical foreman, wind turbine technician, cable technician, fiber optic technician, elevator mechanic, elevator technician | trades_mech:0.4, maintenance:0.5, construction:0.4, construction_mgmt:0.3, manufacturing:0.2
trades_mech | HVAC, plumbing and pipe trades | construction | hvac technician, hvac tech, hvac installer, hvac mechanic, hvac service technician, refrigeration technician, refrigeration mechanic, plumber, journeyman plumber, master plumber, apprentice plumber, plumbing apprentice, pipefitter, pipe fitter, steamfitter, sprinkler fitter, boiler operator, boiler technician, hvac apprentice, gas fitter | maintenance:0.5, trades_electrical:0.4, construction:0.4
maintenance | Maintenance and repair | - | auto body technician, collision technician, body shop technician, auto body repair technician, maintenance technician, maintenance tech, maintenance mechanic, maintenance worker, maintenance supervisor, maintenance manager, facilities technician, facilities maintenance technician, building maintenance technician, building engineer, stationary engineer, industrial maintenance technician, industrial mechanic, mechanic, diesel mechanic, diesel technician, auto mechanic, automotive technician, automotive mechanic, auto technician, service technician, field service technician, field service engineer, repair technician, handyman, maintenance porter, apartment maintenance technician, millwright, aircraft mechanic, aviation maintenance technician, a and p mechanic, heavy equipment mechanic, fleet mechanic, tire technician, lube technician, appliance repair technician, equipment technician | trades_electrical:0.5, trades_mech:0.5, manufacturing:0.4, construction:0.4, security_services:0.2
construction | Construction trades | construction | carpenter, apprentice carpenter, finish carpenter, construction worker, construction laborer, laborer, general laborer, framer, drywall installer, drywall finisher, roofer, mason, bricklayer, concrete finisher, concrete laborer, painter, commercial painter, heavy equipment operator, equipment operator, excavator operator, crane operator, welder, welder fabricator, fabricator, structural welder, pipe welder, ironworker, glazier, flooring installer, tile setter, insulation installer, landscaper construction, carpenter helper, construction helper, demolition worker, scaffolder, rigger$, surveyor, survey technician | trades_electrical:0.3, trades_mech:0.3, construction_mgmt:0.4, maintenance:0.4, manufacturing:0.3
construction_mgmt | Construction management | construction | construction manager, construction project manager, assistant project manager construction, project engineer construction, superintendent, site superintendent, construction superintendent, assistant superintendent, estimator, construction estimator, cost estimator, foreman, general foreman, general contractor, site manager, field engineer construction, preconstruction manager, project executive construction, safety manager construction, construction coordinator, building inspector, construction inspector | construction:0.5, project:0.4, engineering:0.4, trades_electrical:0.3, trades_mech:0.3
manufacturing | Manufacturing and production | manufacturing | production associate, production worker, production operator, production technician, production lead, production supervisor, production manager, manufacturing associate, manufacturing technician, manufacturing operator, manufacturing supervisor, manufacturing manager, machine operator, cnc operator, cnc machinist, machinist, cnc programmer, assembler, assembly technician, assembly worker, assembly line worker, electronics assembler, mechanical assembler, quality inspector, quality control inspector, quality technician, qc technician, qc inspector, quality control technician, quality control analyst, process technician, process operator, packaging operator, packaging associate, plant manager, plant supervisor, line lead, line operator, press operator, injection molding technician, chemical operator, food production worker, sanitation worker, manufacturing lead, tool and die maker, solderer | logistics:0.4, maintenance:0.4, engineering:0.3, construction:0.3
engineering | Engineering (not software) | - | mechanical engineer, electrical engineer, civil engineer, chemical engineer, industrial engineer, manufacturing engineer, process engineer, quality engineer, structural engineer, environmental engineer, aerospace engineer, biomedical engineer, design engineer, project engineer, hardware engineer, controls engineer, automation engineer, reliability engineer, test engineer, validation engineer, product engineer, packaging engineer, geotechnical engineer, transportation engineer, water resources engineer, petroleum engineer, mining engineer, nuclear engineer, materials engineer, systems engineer, rf engineer, electronics engineer, power engineer, hvac engineer, mechanical design engineer, drafter, cad drafter, cad designer, engineering technician, engineering intern, mechanical engineering intern | manufacturing:0.3, construction_mgmt:0.4, software:0.2, science:0.3, maintenance:0.2
legal | Legal | legal | attorney, lawyer, associate attorney, staff attorney, senior attorney, counsel$, corporate counsel, general counsel, associate general counsel, in house counsel, paralegal, senior paralegal, litigation paralegal, corporate paralegal, legal assistant, legal secretary, law clerk, judicial clerk, compliance officer, compliance manager, compliance specialist, contracts manager, contract specialist, contract administrator, legal intern, court clerk, legal analyst, docketing specialist, patent agent | admin:0.3, finance:0.2
operations | Operations and general management | - | operations manager, operations coordinator, operations specialist, operations supervisor, operations director, director of operations, vp of operations, general manager, assistant general manager, business operations manager, business manager, chief operating officer, coo, facility manager, facilities manager, facilities coordinator, office operations manager, branch manager, area manager, regional manager, site manager operations, operations lead, business operations analyst, chief executive officer, ceo, president$, managing director, founder$, owner operator business, executive director | project:0.5, logistics:0.4, retail:0.3, admin:0.3, manufacturing:0.3, business_analysis:0.3
security_services | Security, custodial and grounds | - | floor technician, floor tech, security officer, security guard, unarmed security officer, armed security officer, patrol officer security, loss prevention detective, janitor, custodian, custodial worker, cleaner, housekeeping aide, environmental services technician, evs technician, porter$, groundskeeper, grounds worker, landscaper, landscape technician, lawn care technician, pest control technician, exterminator, window cleaner, commercial cleaner, sanitation technician | maintenance:0.3, hospitality:0.3, construction:0.2
science | Science and research | - | research associate, research scientist, scientist, senior scientist, lab technician, laboratory technician, laboratory assistant, lab assistant, research assistant, research technician, chemist, analytical chemist, biologist, microbiologist, biochemist, molecular biologist, clinical research coordinator, clinical research associate, clinical trial coordinator, environmental scientist, geologist, epidemiologist, food scientist, formulation scientist, quality control chemist, postdoctoral researcher, postdoctoral fellow | health_clinical:0.3, data:0.3, engineering:0.3
real_estate | Real estate and property | real_estate | real estate agent, realtor, real estate broker, property manager, assistant property manager, leasing agent, leasing consultant, leasing specialist, leasing manager, community manager, community association manager, property administrator, real estate analyst, appraiser, title officer, escrow officer, mortgage broker | sales:0.4, admin:0.3, finance:0.3
public_safety | Public safety | government | firefighter, fire fighter, firefighter emt, police officer, patrol officer, sheriff's deputy, deputy sheriff, correctional officer, detention officer, jailer, 911 dispatcher, emergency dispatcher, public safety dispatcher, emergency communications officer, park ranger, game warden | security_services:0.4, health_support:0.3, driving:0.1
aviation | Aviation | transportation | pilot, airline pilot, commercial pilot, first officer, flight instructor, helicopter pilot, air traffic controller, aircraft dispatcher | maintenance:0.3, hospitality:0.2
personal_care | Beauty and personal care | - | hair stylist, hairstylist, cosmetologist, barber, nail technician, esthetician, aesthetician, makeup artist, salon manager, lash technician | hospitality:0.3, retail:0.3
language_services | Translation and interpreting | - | translator, interpreter, medical interpreter, court interpreter, sign language interpreter, asl interpreter, localization specialist | admin:0.2, legal:0.2, health_admin:0.2, teaching:0.2
